"Title:","crashesnew.csv"
"SubTitle:","USA - Model: All Models - Vehicle Year: All Vehicle Years"
"Time:","01/1975 - 12/2020"
"Unit of Measure:","#","#","#","#","#","#","#","#","#","#","#","#","#","#"
"Citation:","National Highway Traffic Safety Administration (2022-05-06). Fatal Traffic Accidents: Vehicles Involved: Vehicles in Fatal Crashes, by Vehicle Make / Model Year | All Types | Automobiles | Motorcycles | All Makes | Audi | Dodge | Ford | Honda | Lincoln | All Models | All Vehicle Years, 01/1975 - 12/2020. Data Planet? Statistical Datasets: A SAGE Publishing Resource. (Dataset). Dataset-ID:  023-004-006 doi:https://doi.org/10.6068/DP1845DD37E4D48"
"ColumnCount:",15
"RowCount:",552

"Time","All Types, All Makes, All Models, All Vehicle Years, #","All Types, Audi, All Models, All Vehicle Years, #","All Types, Dodge, All Models, All Vehicle Years, #","All Types, Ford, All Models, All Vehicle Years, #","All Types, Honda, All Models, All Vehicle Years, #","All Types, Lincoln, All Models, All Vehicle Years, #","Automobiles, All Makes, All Models, All Vehicle Years, #","Automobiles, Audi, All Models, All Vehicle Years, #","Automobiles, Dodge, All Models, All Vehicle Years, #","Automobiles, Ford, All Models, All Vehicle Years, #","Automobiles, Honda, All Models, All Vehicle Years, #","Automobiles, Lincoln, All Models, All Vehicle Years, #","Motorcycles, All Makes, All Models, All Vehicle Years, #","Motorcycles, Honda, All Models, All Vehicle Years, #"
"01/1975",7606,2,392,1624,48,48,7446,2,390,1598,48,48,,
"02/1975",7018,6,366,1396,68,32,6920,6,360,1392,64,32,,
"03/1975",8156,6,438,1722,72,46,8002,6,434,1694,68,46,,
"04/1975",8144,8,412,1604,104,50,7952,8,406,1578,104,50,,
"05/1975",9964,4,488,1936,176,40,9682,4,484,1886,172,40,,
"06/1975",10114,10,536,1860,206,38,9830,10,532,1824,204,38,,
"07/1975",10462,10,530,2014,212,42,10188,10,512,1980,210,42,,
"08/1975",10742,4,546,2044,176,44,10450,4,532,2002,166,44,,
"09/1975",9750,,548,1964,198,30,9490,,536,1912,198,30,,
"10/1975",9916,8,546,1998,148,34,9614,8,528,1954,146,34,,
"11/1975",9722,4,510,2034,132,46,9470,4,498,1976,128,46,,
"12/1975",9468,8,546,1954,80,50,9264,8,534,1914,80,50,,
"01/1976",7498,4,432,1528,46,40,7342,4,420,1488,46,40,,
"02/1976",7402,6,378,1618,74,62,7248,6,370,1594,74,62,,
"03/1976",7868,10,392,1578,108,44,7698,10,384,1554,106,44,,
"04/1976",8682,2,472,1692,112,38,8464,2,456,1670,112,38,,
"05/1976",10150,4,508,2002,210,52,9930,4,498,1962,206,52,,
"06/1976",9750,10,476,1910,150,54,9494,10,464,1856,144,54,,
"07/1976",11222,8,536,2188,230,72,10956,8,528,2158,228,72,,
"08/1976",10714,16,588,2148,248,46,10506,14,574,2114,246,42,,
"09/1976",9900,12,488,1974,190,44,9736,12,480,1944,188,44,,
"10/1976",10506,14,546,2034,146,48,10282,14,540,1986,144,48,,
"11/1976",8676,12,452,1860,122,44,8512,10,444,1840,122,44,,
"12/1976",9800,16,516,1960,114,66,9668,16,510,1936,114,66,,
"01/1977",7026,4,358,1448,104,34,6916,4,358,1438,104,34,,
"02/1977",7342,12,410,1552,96,58,7202,12,406,1538,96,56,,
"03/1977",8820,16,478,1916,188,54,8658,16,474,1890,188,54,,
"04/1977",9358,14,434,1856,268,34,9216,14,430,1834,268,34,,
"05/1977",10172,8,504,1978,378,42,10022,8,504,1946,378,42,,
"06/1977",10940,14,566,2034,392,58,10702,14,556,1992,392,58,,
"07/1977",12304,16,596,2320,602,52,12008,16,584,2280,602,52,,
"08/1977",11718,16,602,2258,416,52,11528,16,596,2224,416,52,,
"09/1977",10670,18,576,2018,346,42,10430,18,570,1972,346,42,,
"10/1977",11464,24,562,2320,294,56,11248,24,554,2296,294,56,,
"11/1977",10518,16,512,2246,196,74,10346,16,508,2200,196,74,,
"12/1977",10698,10,578,2182,130,74,10556,10,576,2156,130,74,,
"01/1978",7140,10,370,1446,94,34,7010,10,368,1438,94,34,,
"02/1978",6914,10,400,1460,116,46,6748,10,396,1450,116,46,,
"03/1978",9068,6,456,1790,158,58,8936,6,454,1774,158,58,,
"04/1978",9946,10,538,2006,312,56,9788,10,530,1982,312,56,,
"05/1978",11122,8,548,1952,456,44,10908,8,538,1928,456,44,,
"06/1978",11918,14,620,2246,510,52,11664,14,614,2216,510,50,,
"07/1978",12576,18,632,2276,566,58,12250,18,632,2230,562,58,,
"08/1978",12632,8,618,2290,548,64,12404,8,612,2268,548,64,,
"09/1978",12204,14,618,2358,458,78,11972,14,610,2328,458,78,,
"10/1978",12038,14,550,2424,310,64,11788,14,536,2392,310,62,,
"11/1978",11308,22,574,2304,228,86,11140,22,568,2296,226,86,,
"12/1978",11422,12,562,2324,202,82,11214,12,562,2308,202,82,,
"01/1979",8192,22,398,1590,122,44,8080,22,398,1582,122,44,,
"02/1979",8318,20,476,1704,122,56,8194,20,468,1686,122,56,,
"03/1979",10402,16,506,1958,264,64,10254,16,504,1948,264,64,,
"04/1979",10404,12,506,1898,350,66,10258,12,504,1880,350,66,,
"05/1979",10982,10,504,1980,478,60,10802,10,486,1962,478,60,,
"06/1979",11226,8,542,2038,524,60,10968,8,538,2018,520,60,,
"07/1979",11802,14,560,2090,516,42,11596,14,548,2064,516,42,,
"08/1979",11882,20,560,2248,542,64,11716,20,554,2230,542,64,,
"09/1979",11684,14,566,2252,430,80,11556,14,560,2234,430,80,,
"10/1979",11750,18,600,2182,276,76,11590,18,588,2160,276,76,,
"11/1979",11124,6,642,2168,198,60,10958,6,632,2150,198,60,,
"12/1979",11758,18,648,2340,220,74,11632,18,646,2330,220,74,,
"01/1980",8668,16,472,1794,128,60,8600,16,466,1784,128,60,,
"02/1980",8194,2,436,1560,166,68,8126,2,432,1556,166,68,,
"03/1980",9070,10,462,1768,218,58,8994,10,456,1758,218,58,,
"04/1980",9452,10,416,1806,344,68,9358,10,406,1792,342,68,,
"05/1980",11248,12,456,2042,522,72,11146,12,450,2034,522,72,,
"06/1980",11972,14,532,2168,536,64,11860,14,524,2156,536,64,,
"07/1980",11902,14,530,2074,580,80,11788,14,528,2062,580,80,,
"08/1980",13202,26,534,2246,590,70,13070,26,528,2222,590,70,,
"09/1980",11112,10,580,2004,458,72,11004,10,576,1990,458,72,,
"10/1980",10898,24,530,2050,286,62,10790,24,528,2040,286,62,,
"11/1980",10608,6,518,2050,228,62,10534,6,508,2046,228,62,,
"12/1980",10644,36,576,2040,172,76,10586,36,570,2032,172,76,,
"01/1981",9080,16,410,1756,158,66,8888,16,400,1732,154,66,,
"02/1981",8682,18,440,1672,208,44,8556,18,434,1654,206,44,,
"03/1981",9312,8,500,1786,278,60,9174,8,498,1766,272,60,,
"04/1981",9872,8,468,1772,346,44,9708,8,462,1752,342,44,,
"05/1981",10690,16,480,1908,382,68,10528,16,472,1892,378,68,,
"06/1981",11108,14,534,1860,442,62,10904,14,522,1840,436,62,,
"07/1981",11952,26,536,1998,570,52,11728,26,530,1982,560,52,,
"08/1981",12442,20,576,2190,592,44,12218,20,572,2170,588,44,,
"09/1981",10852,14,558,2006,482,76,10660,14,548,1984,476,76,,
"10/1981",10900,28,520,2008,298,58,10734,28,516,1994,294,58,,
"11/1981",10162,16,530,1928,240,56,10008,16,526,1906,240,56,,
"12/1981",10346,16,540,1974,200,60,10222,16,532,1956,200,60,,
"01/1982",7652,6,368,1412,156,40,7542,6,366,1412,156,40,,
"02/1982",7282,12,334,1254,194,44,7202,12,334,1254,194,44,,
"03/1982",8612,26,420,1550,244,66,8514,26,420,1550,244,66,,
"04/1982",9158,10,420,1562,294,48,9080,10,420,1562,294,48,,
"05/1982",9886,6,462,1612,478,58,9776,6,462,1612,478,58,,
"06/1982",9872,20,392,1690,410,36,9750,20,392,1690,410,36,,
"07/1982",10698,8,484,1798,474,64,10532,8,482,1798,474,64,,
"08/1982",10696,18,478,1888,498,66,10554,18,478,1886,498,66,,
"09/1982",10006,22,446,1702,390,44,9892,22,446,1702,390,44,,
"10/1982",10364,14,466,1868,306,58,10242,14,464,1868,306,58,,
"11/1982",9114,8,478,1592,198,88,9006,8,478,1590,198,88,,
"12/1982",9570,16,490,1728,218,40,9454,16,490,1728,218,40,,
"01/1983",7440,14,346,1436,198,36,7346,14,346,1434,198,36,,
"02/1983",7056,14,388,1308,172,36,6966,14,386,1306,172,36,,
"03/1983",7848,16,344,1514,196,48,7758,16,344,1514,196,48,,
"04/1983",8428,4,348,1530,312,52,8304,4,348,1530,312,52,,
"05/1983",9382,16,414,1614,410,56,9282,16,412,1608,410,56,,
"06/1983",9546,8,432,1688,426,42,9460,8,432,1686,426,42,,
"07/1983",10548,16,450,1816,562,46,10380,16,448,1814,562,46,,
"08/1983",10620,26,450,1804,550,46,10498,26,450,1802,550,46,,
"09/1983",10282,16,434,1730,464,46,10140,16,434,1730,464,46,,
"10/1983",10244,24,514,1704,368,68,10106,24,514,1704,368,68,,
"11/1983",9386,26,410,1742,230,52,9262,26,410,1740,230,52,,
"12/1983",9432,24,444,1598,238,58,9314,24,444,1596,238,58,,
"01/1984",7586,10,394,1450,206,38,7498,10,394,1450,206,38,,
"02/1984",7416,18,362,1292,234,50,7362,18,362,1292,234,50,,
"03/1984",8610,18,400,1510,300,46,8544,18,400,1510,300,46,,
"04/1984",8470,10,370,1456,308,42,8398,10,370,1456,308,42,,
"05/1984",9878,14,440,1790,500,58,9784,14,440,1790,500,58,,
"06/1984",10776,16,486,1818,558,70,10706,16,486,1818,558,70,,
"07/1984",10972,18,502,1874,568,66,10892,18,502,1874,568,66,,
"08/1984",11124,20,540,1768,638,68,11010,20,540,1766,638,68,,
"09/1984",10718,16,476,1784,578,56,10622,16,476,1784,578,56,,
"10/1984",10576,14,524,1810,398,60,10494,14,524,1808,398,60,,
"11/1984",9834,16,454,1888,268,34,9736,16,452,1888,268,34,,
"12/1984",9984,28,476,1780,360,86,9882,28,476,1780,360,86,,
"01/1985",8092,14,370,1438,176,42,8026,14,370,1438,176,42,,
"02/1985",7320,14,328,1334,220,28,7242,14,328,1334,220,28,,
"03/1985",8614,22,398,1398,374,48,8540,22,398,1398,374,48,,
"04/1985",9220,14,444,1574,494,38,9154,14,444,1574,494,38,,
"05/1985",10412,18,460,1762,590,50,10356,18,460,1762,590,50,,
"06/1985",10958,12,420,1762,622,64,10888,12,420,1762,620,64,,
"07/1985",10780,16,494,1700,692,70,10694,16,494,1700,692,70,,
"08/1985",11314,24,496,1892,590,68,11220,24,496,1892,588,68,,
"09/1985",10068,12,424,1882,488,46,9992,12,422,1878,488,46,,
"10/1985",10240,14,428,1824,428,38,10150,14,428,1824,428,38,,
"11/1985",10158,12,476,1864,308,66,10056,12,476,1860,308,66,,
"12/1985",9366,18,476,1754,238,50,9262,18,476,1754,238,50,,
"01/1986",8254,8,390,1444,226,42,8170,8,390,1444,226,42,,
"02/1986",7296,10,338,1306,218,60,7248,10,338,1306,218,60,,
"03/1986",8990,16,430,1566,356,62,8918,16,430,1564,354,62,,
"04/1986",9142,28,416,1646,406,38,9078,28,416,1646,406,38,,
"05/1986",10806,18,478,1900,540,62,10694,18,478,1900,536,62,,
"06/1986",11232,20,506,1944,602,62,11122,20,506,1944,598,62,,
"07/1986",11542,24,538,1906,704,82,11458,24,538,1906,704,82,,
"08/1986",12368,28,578,2050,636,76,12272,28,578,2046,636,76,,
"09/1986",10596,20,490,1748,488,46,10512,20,490,1746,488,46,,
"10/1986",10922,20,574,1908,386,60,10842,20,574,1908,386,60,,
"11/1986",10300,18,564,1786,384,60,10222,18,564,1786,384,60,,
"12/1986",10136,10,526,1810,314,54,10060,10,526,1810,314,54,,
"01/1987",8314,20,438,1474,238,52,8236,20,438,1474,238,52,,
"02/1987",7734,18,354,1420,244,46,7684,18,354,1420,244,46,,
"03/1987",8892,14,446,1470,338,48,8844,14,446,1470,338,48,,
"04/1987",9278,24,428,1520,412,44,9214,24,428,1518,412,44,,
"05/1987",10670,24,480,1774,584,84,10588,24,480,1774,584,84,,
"06/1987",11024,22,530,1822,574,56,10944,22,530,1822,574,56,,
"07/1987",11324,14,576,1932,612,58,11252,14,576,1932,612,58,,
"08/1987",12316,22,540,2168,596,78,12228,22,534,2168,596,78,,
"09/1987",10970,20,490,1912,514,60,10896,20,490,1912,514,60,,
"10/1987",11780,34,602,2120,486,90,11690,34,602,2120,484,90,,
"11/1987",10692,14,492,1988,350,58,10614,14,492,1988,350,58,,
"12/1987",10678,14,560,1960,338,72,10590,14,560,1960,338,72,,
"01/1988",8550,22,430,1544,214,48,8470,22,430,1544,214,48,,
"02/1988",8082,22,368,1378,274,60,8028,22,368,1378,274,60,,
"03/1988",9260,16,434,1740,348,48,9224,16,434,1740,348,48,,
"04/1988",9808,26,472,1734,428,42,9772,26,472,1734,428,42,,
"05/1988",10644,18,500,1928,510,64,10592,18,500,1928,510,64,,
"06/1988",11136,10,556,1984,542,76,11100,10,556,1984,542,76,,
"07/1988",11648,12,588,2062,524,82,11574,12,588,2058,524,82,,
"08/1988",11734,20,574,1950,600,66,11682,20,574,1950,600,66,,
"09/1988",11228,26,554,2004,506,62,11142,26,554,2002,506,62,,
"10/1988",11568,26,530,2176,436,92,11502,26,530,2176,436,92,,
"11/1988",10454,20,478,1918,342,60,10410,20,478,1918,342,60,,
"12/1988",11294,24,594,1984,308,82,11232,24,594,1984,308,82,,
"01/1989",9020,28,438,1622,288,74,8942,28,438,1622,288,74,,
"02/1989",7982,12,450,1446,238,54,7934,12,450,1444,238,54,,
"03/1989",9470,10,536,1640,358,64,9420,10,536,1640,358,64,,
"04/1989",9576,8,508,1784,402,54,9538,8,508,1784,402,54,,
"05/1989",10170,8,506,1824,490,60,10118,8,506,1824,490,60,,
"06/1989",10364,10,528,1844,446,62,10282,10,528,1844,446,62,,
"07/1989",11218,18,554,1914,576,80,11152,18,552,1914,576,80,,
"08/1989",11042,8,534,1946,500,56,10974,8,534,1946,500,56,,
"09/1989",10886,12,538,1978,464,62,10816,12,536,1976,464,62,,
"10/1989",11154,24,532,1964,416,76,11074,24,532,1964,416,76,,
"11/1989",9886,18,550,1858,346,48,9798,18,550,1858,346,48,,
"12/1989",10972,10,558,2074,360,50,10892,10,558,2074,360,50,,
"01/1990",8770,24,444,1666,248,50,8698,24,442,1666,248,50,,
"02/1990",7910,14,444,1436,250,48,7858,14,444,1436,250,48,,
"03/1990",9364,18,438,1704,368,76,9306,18,438,1704,368,76,,
"04/1990",9296,14,458,1650,408,68,9238,14,458,1648,408,68,,
"05/1990",10112,16,460,1812,428,50,10040,16,460,1812,428,50,,
"06/1990",10726,14,490,1840,530,68,10678,14,490,1840,530,68,,
"07/1990",11324,26,522,2058,574,60,11234,26,522,2056,574,60,,
"08/1990",11130,20,502,1964,544,68,11068,20,502,1964,544,68,,
"09/1990",10544,14,522,1836,514,86,10472,14,522,1836,514,86,,
"10/1990",10176,24,484,1892,390,80,10118,24,484,1892,390,80,,
"11/1990",9656,20,474,1772,372,64,9602,20,474,1772,372,64,,
"12/1990",9576,14,496,1764,330,70,9510,14,496,1760,330,70,,
"01/1991",7338,8,336,1426,192,40,4308,8,176,650,152,40,72,20
"02/1991",7294,8,354,1378,188,50,4318,8,174,674,138,50,90,28
"03/1991",8494,18,428,1474,282,56,5128,18,226,732,180,56,138,48
"04/1991",8142,8,382,1498,354,70,4716,8,228,690,186,70,226,98
"05/1991",9586,10,462,1764,482,58,5446,10,224,894,224,58,428,156
"06/1991",10136,26,452,1834,540,60,5562,26,236,844,232,60,444,180
"07/1991",10310,20,482,1818,486,64,5552,20,234,808,210,64,510,172
"08/1991",10732,14,456,1912,498,86,5924,14,248,870,238,86,514,162
"09/1991",9620,8,430,1702,412,54,5410,8,210,806,202,54,386,132
"10/1991",9762,4,494,1784,358,110,5500,4,242,852,232,110,284,88
"11/1991",9472,32,532,1764,316,88,5630,32,264,822,246,88,162,52
"12/1991",8704,24,452,1726,278,98,5268,24,246,886,224,98,106,34
"01/1992",7598,10,416,1370,216,56,4496,10,192,670,176,56,116,34
"02/1992",7178,14,384,1314,238,56,4280,14,184,606,194,56,122,22
"03/1992",7432,12,376,1282,286,50,4420,12,190,676,198,50,208,64
"04/1992",7762,8,394,1354,314,52,4388,8,174,664,180,52,312,102
"05/1992",9096,22,462,1512,410,72,5158,22,216,694,216,72,484,132
"06/1992",9510,14,472,1668,436,64,5228,14,212,790,204,64,504,186
"07/1992",9340,8,474,1736,382,84,5128,8,238,814,182,84,410,122
"08/1992",9832,18,462,1818,424,70,5462,18,202,868,216,70,498,154
"09/1992",8694,10,376,1602,368,60,4704,10,186,708,192,60,386,120
"10/1992",10104,8,520,1766,402,66,5788,8,250,848,274,66,306,78
"11/1992",8796,8,448,1646,362,72,5238,8,226,730,254,72,192,70
"12/1992",9112,14,444,1776,312,70,5434,14,218,824,268,70,96,26
"01/1993",7498,16,394,1374,240,68,4410,16,176,642,192,68,134,46
"02/1993",6994,6,402,1234,234,60,4148,6,192,590,194,60,142,36
"03/1993",7946,14,424,1410,260,66,4578,14,196,640,198,66,234,56
"04/1993",8102,16,386,1458,334,68,4578,16,172,674,176,68,430,148
"05/1993",9308,12,450,1674,398,68,5188,12,236,720,218,68,606,170
"06/1993",9070,12,462,1614,404,72,4946,12,192,708,232,72,560,156
"07/1993",10202,10,462,1820,492,80,5494,10,192,834,274,80,736,202
"08/1993",10268,8,526,1734,486,92,5412,8,246,736,252,92,726,218
"09/1993",9548,10,502,1706,420,82,5122,10,224,756,238,82,616,174
"10/1993",10300,22,520,1918,392,110,5994,22,276,926,266,110,418,110
"11/1993",9292,20,486,1794,332,82,5308,20,216,808,272,82,212,54
"12/1993",9026,12,448,1764,260,72,5338,12,208,850,218,72,130,38
"01/1994",7634,6,382,1476,254,44,4264,6,186,694,194,44,132,52
"02/1994",7102,6,330,1340,264,44,3926,6,148,594,212,44,156,50
"03/1994",8116,12,434,1456,324,60,4602,12,218,688,232,60,288,84
"04/1994",8720,10,420,1558,378,60,4838,10,200,730,240,60,416,130
"05/1994",9298,14,390,1740,406,92,5078,14,186,816,234,92,578,150
"06/1994",9214,16,472,1668,480,70,4906,16,200,750,284,70,548,182
"07/1994",10052,22,466,1866,460,70,5336,22,222,760,256,70,700,190
"08/1994",10228,4,514,1882,474,92,5484,4,208,836,272,92,588,190
"09/1994",9624,4,482,1784,468,60,5208,4,212,760,290,60,504,160
"10/1994",10372,16,514,1960,412,72,5692,16,226,844,292,72,440,114
"11/1994",9506,10,512,1868,338,102,5364,10,236,898,288,102,186,46
"12/1994",9956,16,558,1852,362,98,5850,16,228,862,308,98,144,50
"01/1995",8298,12,466,1602,244,64,4634,12,192,730,198,64,110,36
"02/1995",7494,16,374,1444,280,66,4358,16,188,668,238,66,142,38
"03/1995",8682,10,456,1672,346,70,4846,10,190,770,262,70,250,78
"04/1995",8582,8,440,1636,388,66,4840,8,198,716,258,66,366,122
"05/1995",9058,12,446,1746,424,60,4932,12,198,778,246,60,528,162
"06/1995",9842,14,500,1700,436,66,5206,14,220,746,246,66,586,172
"07/1995",10122,14,562,1860,492,84,5360,14,240,808,266,84,618,210
"08/1995",10852,6,566,2002,562,88,5728,6,248,846,360,88,648,186
"09/1995",10194,18,540,1862,442,84,5498,18,242,792,284,84,504,150
"10/1995",10590,20,540,2014,452,76,5672,20,216,878,296,76,440,140
"11/1995",9630,12,522,1882,376,94,5360,12,236,818,318,94,190,46
"12/1995",9704,18,528,1854,368,94,5450,18,230,754,322,94,150,40
"01/1996",8414,6,392,1682,300,54,4452,6,134,738,252,54,152,44
"02/1996",8074,8,468,1512,274,66,4400,8,190,604,222,66,162,44
"03/1996",8764,12,484,1642,322,86,4814,12,192,734,244,86,212,68
"04/1996",8952,22,446,1716,376,70,4986,22,184,756,272,70,370,100
"05/1996",9318,8,540,1718,436,80,4938,8,236,744,280,80,490,142
"06/1996",10228,10,546,1826,470,78,5194,10,194,764,268,78,674,172
"07/1996",9590,6,494,1814,446,80,4998,6,186,798,260,80,514,170
"08/1996",10570,8,616,2008,484,86,5374,8,228,848,292,86,628,168
"09/1996",9874,8,522,1812,474,90,5284,8,212,796,290,90,494,160
"10/1996",10606,12,534,1950,486,82,5732,12,192,848,350,82,386,124
"11/1996",10102,16,582,1870,404,102,5590,16,242,768,348,102,144,46
"12/1996",10202,14,574,1946,390,104,5732,14,246,890,350,104,118,34
"01/1997",8752,10,452,1672,276,82,4830,10,206,714,250,82,104,26
"02/1997",7720,8,420,1546,324,66,4186,8,178,650,262,66,164,50
"03/1997",8576,12,490,1622,392,84,4632,12,170,688,316,84,268,64
"04/1997",8734,4,536,1690,354,86,4652,4,212,698,272,86,326,74
"05/1997",10174,12,560,2018,480,72,5328,12,222,868,298,72,484,148
"06/1997",9908,4,540,1858,514,96,5036,4,190,776,324,96,604,168
"07/1997",10252,8,548,2010,542,78,5244,8,200,828,322,78,582,194
"08/1997",10578,4,592,2038,532,96,5394,4,230,798,334,96,574,170
"09/1997",9432,4,462,1708,442,86,4762,4,184,728,298,84,464,118
"10/1997",10318,,542,1938,436,92,5388,,226,846,306,92,430,112
"11/1997",9600,14,496,1914,368,98,5132,14,200,796,314,98,182,40
"12/1997",10076,18,546,2008,338,84,5544,18,212,904,296,84,126,28
"01/1998",8510,4,526,1616,288,90,4514,4,178,652,260,90,124,18
"02/1998",7700,16,436,1530,316,90,4194,16,190,638,248,88,146,54
"03/1998",8508,8,518,1666,324,90,4478,8,178,680,244,88,216,68
"04/1998",8524,2,478,1646,398,82,4446,2,164,706,286,80,354,96
"05/1998",9540,10,508,1810,450,70,4798,10,188,768,286,68,558,152
"06/1998",9544,12,506,1892,446,70,4680,12,172,712,280,70,508,142
"07/1998",10430,10,598,2016,540,118,5144,10,232,796,318,116,714,202
"08/1998",10946,12,566,2110,512,106,5358,12,186,818,344,104,668,142
"09/1998",9826,4,578,1876,540,92,4848,4,216,738,342,90,538,164
"10/1998",10144,6,608,1944,458,108,5192,6,200,838,330,102,430,110
"11/1998",9662,10,578,1812,434,88,5046,10,206,754,366,84,242,58
"12/1998",10510,10,664,2138,362,104,5402,10,202,836,306,100,162,40
"01/1999",7834,8,530,1516,336,86,4024,8,164,610,284,84,114,34
"02/1999",7424,8,448,1474,308,86,3828,8,148,594,254,84,180,34
"03/1999",8686,8,502,1630,358,76,4464,8,170,666,276,74,278,72
"04/1999",8588,4,540,1644,394,72,4252,4,194,628,244,70,428,118
"05/1999",9988,10,628,1892,492,84,4928,10,216,736,318,82,562,146
"06/1999",9636,2,616,1832,446,98,4652,2,192,722,266,96,626,152
"07/1999",10288,14,618,2010,498,112,4766,14,194,768,290,106,706,180
"08/1999",10722,12,622,2136,556,108,4992,12,172,754,338,106,700,176
"09/1999",10050,2,626,1934,482,86,4728,2,218,716,298,84,582,144
"10/1999",10564,10,652,2150,502,94,5126,10,204,860,356,90,468,120
"11/1999",9876,10,626,1918,452,90,5052,10,194,758,364,86,270,70
"12/1999",9984,6,712,2076,452,80,5236,6,252,866,386,80,136,34
"01/2000",4402,5,270,866,170,34,2129,5,91,312,135,32,80,21
"02/2000",3904,2,226,808,185,41,1930,2,81,319,147,39,90,28
"03/2000",4369,3,257,832,196,45,2119,3,79,316,145,42,199,38
"04/2000",4639,7,287,935,261,54,2332,7,113,354,185,51,248,62
"05/2000",4863,6,309,894,258,42,2295,6,103,321,173,40,329,73
"06/2000",5027,5,289,911,285,38,2319,5,85,328,164,36,400,103
"07/2000",5344,5,314,1008,288,56,2522,5,92,386,168,52,401,105
"08/2000",5289,4,297,1016,285,39,2427,4,97,371,171,37,428,95
"09/2000",5137,2,294,956,241,47,2424,2,89,378,157,46,347,71
"10/2000",5178,4,336,977,266,50,2540,4,103,368,199,50,251,52
"11/2000",4625,3,306,865,214,53,2362,3,103,313,179,51,119,17
"12/2000",4817,4,347,966,219,41,2378,4,109,373,186,40,82,20
"01/2001",4117,2,238,795,186,41,2067,2,64,306,148,40,73,25
"02/2001",3956,4,235,745,186,30,1975,4,68,279,153,26,97,27
"03/2001",4311,5,269,813,187,46,2131,5,99,316,149,44,156,30
"04/2001",4526,4,253,832,225,56,2194,4,87,323,152,52,308,58
"05/2001",5028,10,298,924,284,49,2306,10,108,352,187,47,357,82
"06/2001",4873,4,253,896,294,40,2246,4,99,309,164,39,402,92
"07/2001",5229,3,296,997,327,47,2398,3,91,367,197,45,441,109
"08/2001",5373,6,326,996,297,47,2471,6,116,361,169,41,425,102
"09/2001",4930,6,303,940,274,46,2275,6,100,353,161,43,388,90
"10/2001",5304,7,341,974,287,58,2524,7,105,353,209,55,271,57
"11/2001",5104,4,327,972,261,44,2440,4,105,388,188,42,200,47
"12/2001",5167,5,334,1007,273,58,2561,5,105,388,209,55,142,40
"01/2002",4567,5,294,880,231,46,2256,5,90,328,185,41,102,23
"02/2002",4034,2,241,766,194,40,1974,2,82,279,153,36,127,24
"03/2002",4727,4,298,919,255,52,2284,4,90,336,195,46,184,40
"04/2002",4455,3,289,844,240,41,2142,3,87,357,170,37,259,56
"05/2002",5008,5,326,923,296,41,2317,5,114,354,181,38,374,97
"06/2002",5155,7,337,949,312,46,2291,7,106,324,177,44,451,112
"07/2002",5262,3,312,986,321,43,2369,3,96,354,187,39,431,103
"08/2002",5314,6,358,954,353,36,2310,6,121,324,201,34,482,117
"09/2002",5109,2,320,949,291,52,2330,2,95,301,174,51,431,94
"10/2002",5154,2,346,955,237,54,2406,2,115,360,159,51,249,54
"11/2002",4796,5,305,887,243,45,2313,5,105,302,177,42,178,45
"12/2002",4845,9,346,918,217,41,2383,9,102,326,174,37,93,19
"01/2003",4167,2,287,815,188,31,1947,2,83,271,151,27,85,15
"02/2003",3809,2,256,748,201,33,1778,2,83,268,155,33,98,30
"03/2003",4370,3,303,823,230,29,2042,3,96,288,161,27,216,50
"04/2003",4812,7,279,920,316,55,2194,7,82,327,205,51,376,86
"05/2003",4924,6,326,903,269,53,2250,6,97,335,160,53,373,76
"06/2003",5126,8,307,905,300,39,2253,8,87,319,179,35,460,97
"07/2003",5373,3,328,943,321,48,2276,3,97,330,183,45,509,103
"08/2003",5574,7,321,1009,364,49,2390,7,93,344,225,45,536,106
"09/2003",5070,9,314,925,302,46,2222,9,101,314,181,42,472,94
"10/2003",5482,5,361,1062,309,47,2460,5,116,372,203,43,351,68
"11/2003",5279,6,374,983,305,52,2522,6,117,327,228,47,198,48
"12/2003",4891,6,313,957,219,46,2236,6,84,306,169,42,128,25
"01/2004",4505,9,292,841,229,40,2075,9,88,312,178,34,125,23
"02/2004",4055,4,236,781,218,44,1929,4,87,278,161,41,145,36
"03/2004",4449,3,275,812,249,42,2033,3,75,271,165,38,270,61
"04/2004",4683,5,297,866,274,41,2086,5,98,274,169,35,366,79
"05/2004",5152,4,301,894,312,39,2203,4,92,314,179,34,469,97
"06/2004",5145,7,351,957,323,48,2131,7,92,295,186,42,480,106
"07/2004",5294,4,317,887,373,28,2182,4,101,280,209,25,576,126
"08/2004",5419,7,339,974,376,48,2199,7,90,313,208,43,549,130
"09/2004",4910,6,307,836,304,31,2032,6,91,265,174,28,464,111
"10/2004",5231,10,337,921,327,46,2283,10,108,281,217,41,349,77
"11/2004",4849,5,307,903,261,45,2224,5,101,297,194,42,191,40
"12/2004",5037,7,359,943,274,40,2311,7,99,329,205,34,136,34
"01/2005",4298,5,292,784,231,37,1968,5,81,271,173,28,148,27
"02/2005",4011,4,292,757,223,28,1812,4,91,245,165,24,130,26
"03/2005",4411,10,314,769,249,38,1959,10,97,260,178,31,239,45
"04/2005",4914,7,321,824,312,50,2054,7,72,263,196,46,446,98
"05/2005",5019,5,305,911,332,36,2084,5,87,293,186,32,487,107
"06/2005",5186,3,303,871,340,42,2086,3,94,252,191,38,527,111
"07/2005",5683,9,345,959,363,54,2285,9,106,295,191,43,622,115
"08/2005",5282,8,310,911,350,39,2171,8,86,310,185,35,579,126
"09/2005",5081,3,324,914,344,38,2034,3,102,273,184,34,609,126
"10/2005",5504,10,322,995,329,54,2314,10,93,323,216,47,458,83
"11/2005",5212,5,359,935,313,49,2266,5,95,299,207,44,291,63
"12/2005",4894,8,327,950,258,47,2141,8,86,278,200,41,146,25
"01/2006",4411,5,285,788,238,40,1960,5,82,255,166,30,191,40
"02/2006",4047,5,280,701,221,37,1778,5,86,215,166,34,161,32
"03/2006",4612,6,307,793,277,39,1999,6,91,256,190,31,297,51
"04/2006",4658,7,304,763,328,31,1906,7,76,242,181,27,493,100
"05/2006",5117,8,310,851,359,34,2116,8,100,282,216,32,575,105
"06/2006",5120,8,326,835,332,43,1994,8,91,252,165,37,589,119
"07/2006",5236,9,293,866,358,49,2066,9,92,275,183,43,652,127
"08/2006",5153,7,302,854,350,40,2064,7,106,253,188,32,613,119
"09/2006",4956,6,284,810,360,51,1997,6,77,259,180,43,555,126
"10/2006",5235,6,355,931,321,35,2211,6,105,302,214,29,360,65
"11/2006",4793,11,322,857,264,31,2038,11,82,283,162,27,300,58
"12/2006",4756,8,356,851,259,40,2134,8,97,280,199,34,176,36
"01/2007",4060,6,277,715,244,26,1791,6,66,232,171,22,138,35
"02/2007",3968,6,236,688,208,32,1730,6,60,230,159,29,151,27
"03/2007",4746,9,312,819,301,40,1927,9,84,248,193,37,392,68
"04/2007",4614,8,326,824,326,34,1960,8,98,259,188,28,438,106
"05/2007",4899,7,318,793,339,39,1923,7,84,279,167,32,646,136
"06/2007",4961,8,278,794,339,44,1939,8,71,252,179,36,626,118
"07/2007",5123,7,327,844,340,38,1933,7,85,249,160,29,686,139
"08/2007",5029,6,281,837,354,47,1909,6,73,267,179,41,660,138
"09/2007",4753,10,273,770,312,36,1808,10,69,234,155,29,635,114
"10/2007",4961,4,311,770,328,41,2022,4,91,233,188,35,489,96
"11/2007",4640,7,307,802,265,43,1981,7,87,255,175,36,268,51
"12/2007",4499,8,340,811,269,32,1940,8,88,260,181,28,176,38
"01/2008",3916,5,255,684,201,50,1786,5,70,232,151,42,148,24
"02/2008",3929,5,252,655,213,23,1714,5,69,222,154,19,193,34
"03/2008",3834,11,240,679,218,38,1661,11,76,237,135,33,294,44
"04/2008",4021,2,231,675,300,25,1569,2,71,189,156,22,501,106
"05/2008",4329,7,281,691,312,45,1679,7,83,232,134,41,613,119
"06/2008",4487,8,264,693,370,37,1682,8,72,212,162,31,698,154
"07/2008",4422,6,241,640,332,38,1638,5,61,206,144,26,717,142
"08/2008",4663,9,269,727,343,34,1758,9,76,215,135,29,745,157
"09/2008",4185,5,225,605,280,33,1562,5,65,186,129,28,574,105
"10/2008",4512,8,265,694,295,35,1871,8,68,224,160,28,483,97
"11/2008",4151,8,276,715,237,34,1781,8,74,200,162,28,278,45
"12/2008",4211,3,292,736,240,41,1780,3,71,213,166,36,165,28
"01/2009",3565,5,243,639,204,35,1528,5,67,201,145,27,144,20
"02/2009",3171,5,202,546,201,34,1397,5,45,185,136,26,209,38
"03/2009",3459,5,212,554,213,35,1418,5,51,163,134,29,273,43
"04/2009",3930,8,264,607,229,33,1558,7,75,169,115,29,465,79
"05/2009",4100,8,231,651,326,40,1616,6,55,211,165,31,582,111
"06/2009",4013,9,231,627,302,44,1541,9,59,186,155,34,551,102
"07/2009",4083,7,236,655,294,39,1470,5,63,187,159,28,592,100
"08/2009",4196,7,279,630,313,41,1617,7,76,191,162,34,581,98
"09/2009",3869,3,236,610,256,35,1538,3,57,189,130,29,511,91
"10/2009",3857,8,268,665,255,32,1615,8,88,206,157,31,308,60
"11/2009",3720,9,248,625,243,33,1593,9,76,210,145,26,283,54
"12/2009",3577,8,288,622,185,40,1523,7,67,177,124,35,103,25
"01/2010",3107,5,210,544,177,23,1371,5,59,173,124,15,125,16
"02/2010",2801,8,184,450,188,23,1211,8,43,146,136,16,110,18
"03/2010",3336,5,209,532,223,35,1434,5,49,167,140,31,265,49
"04/2010",3804,5,220,601,273,46,1542,5,61,189,127,36,468,105
"05/2010",3956,7,231,559,298,34,1540,7,57,172,151,29,551,95
"06/2010",3821,3,236,613,285,30,1390,2,57,176,135,22,587,107
"07/2010",4200,5,244,616,317,24,1525,5,57,168,139,17,619,114
"08/2010",4183,6,264,621,270,32,1522,6,66,177,131,28,629,95
"09/2010",4094,10,237,673,263,27,1529,10,61,176,124,21,526,87
"10/2010",4136,4,277,624,288,36,1655,4,66,189,177,26,442,69
"11/2010",3854,4,272,652,233,35,1578,4,59,183,147,33,214,34
"12/2010",3570,9,225,617,218,38,1511,9,58,186,151,29,115,24
"01/2011",3076,6,171,517,213,16,1345,6,43,161,159,12,153,31
"02/2011",2868,3,182,467,175,26,1167,2,47,126,116,19,182,34
"03/2011",3311,5,205,527,197,27,1341,5,53,162,117,19,267,45
"04/2011",3508,2,171,547,243,24,1433,2,53,166,133,21,408,72
"05/2011",3744,10,217,567,254,22,1415,9,48,165,132,18,533,92
"06/2011",3937,7,212,569,300,29,1446,7,55,163,137,26,603,114
"07/2011",4232,11,250,636,358,29,1591,9,57,184,165,26,652,138
"08/2011",4109,7,261,580,306,28,1469,6,58,161,132,23,640,128
"09/2011",3824,5,252,607,262,41,1458,5,57,195,144,35,507,75
"10/2011",4194,6,277,632,278,35,1694,5,71,174,148,28,444,82
"11/2011",3692,11,263,568,218,35,1588,11,72,163,136,30,235,45
"12/2011",3624,8,249,589,222,40,1564,8,53,170,152,31,144,25
"01/2012",3330,4,208,555,188,35,1454,3,52,160,131,31,174,22
"02/2012",3189,7,236,529,206,25,1390,7,60,188,140,20,161,34
"03/2012",3678,17,223,516,265,27,1461,16,62,177,143,18,439,81
"04/2012",3548,3,211,524,268,37,1435,3,58,163,157,29,451,82
"05/2012",3966,6,197,607,309,32,1479,6,53,185,141,25,579,111
"06/2012",4131,12,230,570,316,29,1500,12,60,158,137,21,664,107
"07/2012",4164,12,243,656,307,28,1548,11,61,191,149,22,603,104
"08/2012",4258,9,257,617,309,30,1578,8,68,172,161,24,623,100
"09/2012",4074,5,230,586,259,23,1563,5,53,190,126,20,575,86
"10/2012",3997,11,239,598,260,24,1608,11,79,183,151,16,395,57
"11/2012",3853,12,235,608,230,29,1624,12,61,154,151,22,276,40
"12/2012",3772,9,229,606,243,34,1633,9,60,171,168,26,168,27
"01/2013",3416,5,220,523,217,31,1424,4,64,149,139,26,163,35
"02/2013",2845,6,195,453,183,24,1177,6,54,120,124,17,135,24
"03/2013",3552,9,198,545,223,29,1488,7,52,167,140,21,301,44
"04/2013",3464,15,222,528,258,29,1399,15,59,163,134,25,397,72
"05/2013",3817,8,193,547,298,24,1445,8,48,164,141,20,504,104
"06/2013",4009,12,223,596,297,24,1481,12,63,183,157,16,573,85
"07/2013",3933,17,233,524,291,26,1453,16,57,152,123,21,583,108
"08/2013",4304,18,230,583,347,36,1607,17,64,160,162,29,695,139
"09/2013",4106,13,229,588,316,29,1587,12,62,175,153,22,612,109
"10/2013",4135,7,228,609,269,26,1622,7,41,165,158,24,433,67
"11/2013",3803,6,247,590,253,23,1651,6,77,179,165,20,265,41
"12/2013",3717,10,219,550,197,29,1624,9,49,169,123,25,137,26
"01/2014",3260,10,224,528,183,25,1362,9,58,143,112,18,164,26
"02/2014",2802,8,193,451,184,24,1192,8,62,129,124,16,145,25
"03/2014",3374,13,217,508,241,36,1379,11,59,142,144,30,279,46
"04/2014",3478,6,185,513,265,27,1395,6,58,158,141,23,389,71
"05/2014",3891,13,227,494,263,37,1507,13,65,175,132,28,564,83
"06/2014",3887,6,228,541,300,28,1395,6,56,151,136,20,621,101
"07/2014",4011,16,206,550,309,32,1476,16,46,158,144,25,590,93
"08/2014",4175,13,246,596,323,25,1587,11,59,203,171,22,585,93
"09/2014",3897,11,235,523,294,30,1480,9,57,155,141,25,522,91
"10/2014",4242,10,272,637,290,30,1720,9,58,189,180,25,422,61
"11/2014",4044,11,288,620,282,25,1715,9,74,182,189,20,243,39
"12/2014",3889,13,250,624,275,32,1688,12,70,206,173,23,181,31
"01/2015",3584,10,216,560,243,30,1557,7,58,168,163,24,167,33
"02/2015",3057,6,198,481,205,20,1280,4,56,147,127,14,152,26
"03/2015",3721,6,220,568,247,40,1537,6,70,147,146,35,320,55
"04/2015",3741,10,223,526,265,20,1489,9,70,143,149,16,430,61
"05/2015",4333,17,261,619,320,22,1689,15,62,191,168,17,575,85
"06/2015",4260,7,250,591,321,27,1639,7,61,170,164,24,585,99
"07/2015",4628,6,287,598,350,39,1714,4,64,158,161,36,666,117
"08/2015",4630,13,279,639,349,24,1728,9,78,195,170,17,647,113
"09/2015",4380,9,261,651,317,29,1715,5,65,183,165,24,560,93
"10/2015",4610,11,272,644,331,30,1849,11,81,195,176,24,493,74
"11/2015",4212,16,286,634,267,30,1775,12,81,199,162,25,269,52
"12/2015",4322,10,257,639,304,30,1846,10,69,218,186,24,266,47
"01/2016",3483,20,226,516,231,23,1521,16,66,176,149,18,160,24
"02/2016",3668,10,229,532,271,28,1587,7,60,174,180,21,243,43
"03/2016",4065,6,245,557,318,33,1709,5,66,191,186,24,346,60
"04/2016",4172,22,224,591,309,23,1649,19,58,170,157,19,472,77
"05/2016",4580,15,282,606,345,35,1750,10,70,163,178,29,634,102
"06/2016",4721,15,289,652,379,33,1809,14,76,182,202,30,617,102
"07/2016",4583,10,292,614,331,28,1711,8,66,173,181,21,653,81
"08/2016",4794,9,284,656,364,25,1812,6,88,185,186,20,635,104
"09/2016",4758,16,297,648,327,15,1773,16,67,178,159,11,630,103
"10/2016",4933,15,295,696,339,43,1978,12,72,208,189,39,537,77
"11/2016",4570,17,285,668,367,23,1927,14,77,198,226,19,344,54
"12/2016",4387,14,291,656,313,37,1853,11,62,182,190,31,193,34
"01/2017",3988,20,277,564,264,27,1734,14,67,174,176,22,195,25
"02/2017",3487,12,209,454,251,27,1467,7,55,150,166,24,271,30
"03/2017",4183,10,265,611,281,43,1791,9,71,181,168,37,328,43
"04/2017",4257,10,257,582,298,26,1718,9,68,213,158,19,517,78
"05/2017",4523,14,261,590,357,33,1764,13,78,164,195,23,537,88
"06/2017",4752,16,288,667,369,27,1804,10,70,188,186,19,643,109
"07/2017",4980,18,299,683,387,38,1819,12,87,197,198,25,724,103
"08/2017",4515,11,292,624,336,22,1744,10,77,194,152,13,586,104
"09/2017",4874,13,304,625,382,38,1875,10,85,192,193,27,652,120
"10/2017",4726,16,316,677,326,31,1809,14,78,190,180,22,438,63
"11/2017",4441,13,260,680,299,25,1883,11,69,219,183,19,283,34
"12/2017",4402,6,302,675,306,22,1873,3,91,198,177,19,211,37
"01/2018",4056,17,256,599,298,29,1749,15,66,190,188,22,202,35
"02/2018",3547,9,223,479,256,11,1446,6,52,133,164,9,217,31
"03/2018",4084,15,253,607,280,19,1675,12,59,185,162,13,287,50
"04/2018",3985,6,232,568,289,20,1644,4,73,186,182,16,387,50
"05/2018",4598,6,298,608,332,29,1746,5,89,170,182,23,583,79
"06/2018",4648,11,276,612,345,33,1669,8,67,179,158,26,687,96
"07/2018",4610,17,290,626,328,29,1688,12,95,190,164,21,637,80
"08/2018",4648,8,272,612,353,33,1693,7,65,169,174,30,659,101
"09/2018",4600,21,244,632,342,34,1778,19,66,195,181,23,572,77
"10/2018",4825,21,315,725,313,35,1846,13,85,218,181,27,450,57
"11/2018",4164,14,274,595,278,33,1692,9,65,187,176,21,240,44
"12/2018",4107,13,284,571,291,38,1717,8,68,171,173,27,193,32
"01/2019",3875,12,266,558,259,20,1596,7,77,153,163,16,147,20
"02/2019",3344,11,239,488,250,16,1391,9,66,158,137,15,179,37
"03/2019",3959,18,232,541,292,22,1623,16,64,170,169,14,340,45
"04/2019",4072,14,273,512,279,31,1538,11,73,154,149,25,421,54
"05/2019",4487,12,270,601,331,30,1649,9,75,166,156,20,593,91
"06/2019",4535,10,244,567,327,21,1622,6,60,156,154,16,652,98
"07/2019",4592,13,287,619,335,27,1628,9,72,182,148,20,666,114
"08/2019",4699,14,279,590,377,15,1700,9,76,145,172,14,677,120
"09/2019",4674,16,286,631,350,26,1645,11,78,163,177,21,619,86
"10/2019",4560,12,250,662,351,24,1767,12,61,195,204,18,397,61
"11/2019",4339,12,291,620,299,35,1731,8,61,190,167,24,247,38
"12/2019",4111,16,263,591,255,31,1696,14,68,171,155,23,176,31
"01/2020",3760,17,237,541,239,22,1539,11,69,165,147,17,165,22
"02/2020",3747,17,221,515,295,20,1596,14,76,165,193,17,212,35
"03/2020",3548,11,214,463,283,18,1441,7,70,131,151,17,326,49
"04/2020",3077,10,179,383,253,21,1198,9,57,122,146,14,365,55
"05/2020",4267,9,227,562,340,33,1588,8,65,154,172,26,551,89
"06/2020",5186,20,297,665,392,21,1878,15,70,220,213,12,707,94
"07/2020",5251,18,295,636,423,35,1964,12,81,200,206,30,740,116
"08/2020",5426,26,314,690,434,31,1991,20,90,223,205,25,775,120
"09/2020",5230,15,330,673,415,25,1921,11,110,196,212,16,703,113
"10/2020",5480,24,314,711,433,35,2037,17,96,208,219,26,573,92
"11/2020",4784,22,289,634,379,25,1903,17,86,175,225,19,385,51
"12/2020",4516,14,294,584,306,35,1826,12,78,167,173,29,213,35



"Publisher:", "National Highway Traffic Safety Administration"
"Copyright:", "The data contained in Data Planet(tm): A SAGE Publishing Resource is made available via license agreement with subscribing organizations. Your organization's license may vary from this version."